{
  "manifest_version": 3,
  "name": "Color Rewriter (No CSP)",
  "version": "0.1.0",
  "description": "Change the colors of any website using AI",
  "action": {
    "default_popup": "popup.html",
    "default_title": "Color Rewriter"
  },
  "background": {
    "scripts": ["background.js"]
  },
  "content_scripts": [
    {
      "matches": ["<all_urls>"],
      "js": ["content.js"]
    }
  ],
  "permissions": [
    "activeTab",
    "storage",
    "tabs"
  ],
  "options_ui": {
    "page": "options.html",
    "open_in_tab": true
  }
}